timestamp,src,dest,speed_src,speed_dest,posx_src,posy_src,posz_src,posx_dest,posy_dest,posz_dest,traffic_type,packet_size,interval,serving_gnb,distance,sinr_dl,sinr_ulmac_thr_dl,mac_thr_ul,mac_delay_dl,mac_delay_ul,blerDlSignal,blerUlSignal,packetLossDlSignal,packetLossUlSignal,
0.5,gnb,ue[0],0,14.7608,500,500,30,94.4767,1332.63,92.1022,DL,1071,0.005,1,928.209,14.5133,10.6063,0,0,0,0,0,0,0,0
0.5,gnb,ue[1],0,15.2316,500,500,30,1291.25,1515.24,137.919,DL,1124,0.005,1,1291.68,11.419,2.40325,0,0,0,0,0,0,0,0
0.5,gnb,ue[2],0,12.5052,500,500,30,1646.52,272.864,115.387,DL,1300,0.005,1,1171.91,14.0602,6.36752,0,0,0,0,0,0,0,0
0.5,gnb,ue[3],0,16.0504,500,500,30,1301.74,788.405,185.487,DL,1096,0.005,1,866.105,13.5712,1.5494,0,0,0,0,0,0,0,0
0.5,gnb,ue[4],0,13.029,500,500,30,1817.77,130.848,204.511,DL,1439,0.005,1,1379.58,11.2581,-8.73285,0,0,0,0,0,0,0,0
0.5,gnb,ue[5],0,15.7728,500,500,30,868.123,1282.24,459.865,DL,1091,0.005,1,965.508,14.0457,-4.48579,0,0,0,0,0,0,0,0
0.5,gnb,ue[6],0,11.6968,500,500,30,1578.72,1018.55,354.037,DL,1374,0.005,1,1239.97,9.04909,3.26851,0,0,0,0,0,0,0,0
0.5,gnb,ue[7],0,11.5947,500,500,30,823.883,235.634,73.6487,DL,1262,0.005,1,420.35,14.0535,22.378,0,0,0,0,0,0,0,0
0.5,gnb,ue[8],0,14.1703,500,500,30,352.003,7.40586,159.904,DL,1725,0.005,2,1255.95,13.0637,6.51989,0,0,0,0,0,0,0,0
0.5,gnb,ue[9],0,14.2682,500,500,30,615.137,88.1001,244.911,DL,1417,0.005,2,999.415,7.13582,0.322649,0,0,0,0,0,0,0,0
0.5,gnb,ue[10],0,12.6811,500,500,30,1071.79,1280.41,286.225,DL,1124,0.005,2,926.31,11.9488,3.05738,0,0,0,0,0,0,0,0
0.5,gnb,ue[11],0,11.316,500,500,30,45.2878,1128.42,188.597,DL,1517,0.005,2,1592.56,12.5619,-16.8126,0,0,0,0,0,0,0,0
0.5,gnb,ue[12],0,10.3921,500,500,30,851.219,1931.88,440.533,DL,1161,0.005,2,1624.72,11.0035,-4.70806,0,0,0,0,0,0,0,0
0.5,gnb,ue[13],0,10.2523,500,500,30,1821.84,1179.54,489.23,DL,1311,0.005,2,881.05,11.7689,-4.92377,0,0,0,0,0,0,0,0
0.5,gnb,ue[14],0,12.7155,500,500,30,562.052,349.422,159.201,DL,1297,0.005,2,958.704,13.5019,7.95244,0,0,0,0,0,0,0,0
0.5,gnb,ue[15],0,14.6185,500,500,30,355.898,1571.54,273.592,DL,1087,0.005,2,1586.35,10.5722,-16.6696,0,0,0,0,0,0,0,0
0.5,ue[16],gnb,15,0,1445.08,385.526,0,500,500,30,UL,1450,0.002,3,1461.55,14.0463,3.47623,0,0,0,0,0,0,0,0
0.5,ue[17],gnb,15,0,1530.11,1807.22,0,500,500,30,UL,1450,0.002,3,1075.36,13.851,1.43595,0,0,0,0,0,0,0,0
0.5,ue[18],gnb,15,0,73.6048,308.23,0,500,500,30,UL,1450,0.002,3,1266.11,11.6347,-7.90342,0,0,0,0,0,0,0,0
0.5,ue[19],gnb,15,0,330.139,681.978,0,500,500,30,UL,1450,0.002,3,836.01,13.5171,8.06107,0,0,0,0,0,0,0,0
0.5,ue[20],gnb,15,0,1159.5,575.532,0,500,500,30,UL,1450,0.002,3,1136,13.642,-1.45233,0,0,0,0,0,0,0,0
0.5,ue[21],gnb,15,0,1388.22,706.912,0,500,500,30,UL,1450,0.002,3,1191.14,12.7855,-0.373253,0,0,0,0,0,0,0,0
0.5,ue[22],gnb,15,0,542.917,193.757,0,500,500,30,UL,1450,0.002,3,1307.29,13.8577,1.0034,0,0,0,0,0,0,0,0
0.5,ue[23],gnb,15,0,1260.98,1635.2,0,500,500,30,UL,1450,0.002,3,773.482,14.5356,7.21926,0,0,0,0,0,0,0,0
0.5,ue[24],gnb,15,0,752.578,806.824,0,500,500,30,UL,1450,0.002,3,738.369,15.1848,6.93896,0,0,0,0,0,0,0,0
0.5,ue[25],gnb,15,0,1327.28,1963.13,0,500,500,30,UL,1450,0.002,4,495.2,14.8372,9.19946,0,0,0,0,0,0,0,0
0.5,ue[26],gnb,15,0,7.76916,1293.23,0,500,500,30,UL,1450,0.002,4,1506.79,11.939,1.44747,0,0,0,0,0,0,0,0
0.5,ue[27],gnb,15,0,836.342,1559.3,0,500,500,30,UL,1450,0.002,4,666.977,14.4544,1.86266,0,0,0,0,0,0,0,0
0.5,ue[28],gnb,15,0,1611.16,1622.45,0,500,500,30,UL,1450,0.002,4,168.082,17.6061,27.4812,0,0,0,0,0,0,0,0
0.5,ue[29],gnb,15,0,1180.47,1078.19,0,500,500,30,UL,1450,0.002,4,530.028,12.2396,18.2699,0,0,0,0,0,0,0,0
0.5,ue[30],gnb,15,0,1951.75,64.26,0,500,500,30,UL,1450,0.002,4,1505.43,12.9144,-2.17848,0,0,0,0,0,0,0,0
0.5,ue[31],gnb,15,0,1015.3,1201.81,0,500,500,30,UL,1450,0.002,4,569.872,15.4284,17.7989,0,0,0,0,0,0,0,0
0.5,ue[32],gnb,15,0,120.409,1636.36,0,500,500,30,UL,1450,0.002,4,1386.64,10.7428,7.71177,0,0,0,0,0,0,0,0
0.5,ue[33],gnb,5,0,498.813,1470.02,0,500,500,30,UL,100,0.0011649,1,970.488,14.8926,0.224173,0,0,0,0,0,0,0,0
0.5,ue[34],gnb,5,0,497.32,470.12,0,500,500,30,UL,100,0.00653627,1,42.4264,18.4379,52.4923,0,0,0,0,0,0,0,0
0.5,ue[35],gnb,5,0,502.138,1529.92,0,500,500,30,UL,100,0.0168447,1,1030.36,13.9621,11.272,0,0,0,0,0,0,0,0
0.5,ue[36],gnb,5,0,499.623,529.998,0,500,500,30,UL,100,0.000346408,1,42.4264,18.6768,62.4434,0,0,0,0,0,0,0,0
0.5,ue[37],gnb,5,0,510.491,1471.89,0,500,500,30,UL,100,0.0101572,1,972.414,12.5395,7.52638,0,0,0,0,0,0,0,0
0.5,ue[38],gnb,5,0,528.916,492.009,0,500,500,30,UL,100,0.000784056,1,42.4264,19.0576,62.8659,0,0,0,0,0,0,0,0
0.5,ue[39],gnb,5,0,481.225,1476.6,0,500,500,30,UL,100,0.00894635,1,977.242,11.821,-8.57957,0,0,0,0,0,0,0,0
0.5,ue[40],gnb,5,0,490.738,471.466,0,500,500,30,UL,100,0.00633859,1,42.4264,18.3881,57.7049,0,0,0,0,0,0,0,0
0.5,ue[41],gnb,5,0,500.653,1529.99,0,500,500,30,UL,100,0.00207368,2,1435.44,10.4661,-3.43035,0,0,0,0,0,0,0,0
0.5,ue[42],gnb,5,0,490.579,528.482,0,500,500,30,UL,100,0.00209523,2,1010.27,13.6763,-2.73944,0,0,0,0,0,0,0,0
0.5,ue[43],gnb,5,0,470.501,1494.54,0,500,500,30,UL,100,0.00824971,2,1431.74,12.4463,-11.7289,0,0,0,0,0,0,0,0
0.5,ue[44],gnb,5,0,506.04,470.614,0,500,500,30,UL,100,0.00843809,2,994.847,13.959,0.758336,0,0,0,0,0,0,0,0
0.5,ue[45],gnb,5,0,499.38,1529.99,0,500,500,30,UL,100,0.00128487,2,1436.32,12.0926,-9.98726,0,0,0,0,0,0,0,0
0.5,ue[46],gnb,5,0,524.66,517.084,0,500,500,30,UL,100,0.0472627,2,975.951,13.4769,13.1528,0,0,0,0,0,0,0,0
0.5,ue[47],gnb,5,0,497.174,1470.13,0,500,500,30,UL,100,0.0340526,2,1395.61,1.53068,4.17466,0,0,0,0,0,0,0,0
0.5,ue[48],gnb,5,0,529.915,497.747,0,500,500,30,UL,100,0.0060487,2,970.551,14.5706,6.75363,0,0,0,0,0,0,0,0
0.5,ue[49],gnb,0,0,490.396,1528.42,0,500,500,30,UL,100,0.00370951,3,42.4264,18.5196,53.3749,0,0,0,0,0,0,0,0
0.5,ue[50],gnb,0,0,1528.57,509.142,0,500,500,30,UL,100,0.0001743,3,1428.52,9.58549,2.30837,0,0,0,0,0,0,0,0
0.5,ue[51],gnb,0,0,1470.01,1500.61,0,500,500,30,UL,100,0.00195346,3,970.47,14.6467,5.03912,0,0,0,0,0,0,0,0
0.5,ue[52],gnb,0,0,1527.42,487.819,0,500,500,30,UL,100,0.00573116,3,1442.56,12.9,-4.76947,0,0,0,0,0,0,0,0
0.5,ue[53],gnb,0,0,1524.07,1482.09,0,500,500,30,UL,100,0.00681733,3,1024.66,14.9566,-7.10895,0,0,0,0,0,0,0,0
0.5,ue[54],gnb,0,0,1499.46,529.995,0,500,500,30,UL,100,0.00547941,3,1393.1,13.7683,-4.35606,0,0,0,0,0,0,0,0
0.5,ue[55],gnb,0,0,1529.91,1497.62,0,500,500,30,UL,100,0.00617273,3,1030.35,10.3007,6.40858,0,0,0,0,0,0,0,0
0.5,ue[56],gnb,0,0,1501.47,470.036,0,500,500,30,UL,100,0.00225158,3,1436.9,7.70739,-2.88952,0,0,0,0,0,0,0,0
0.5,ue[57],gnb,0,0,1528.96,1492.16,0,500,500,30,UL,100,0.0172334,4,42.4264,18.8809,64.9362,0,0,0,0,0,0,0,0
0.5,ue[58],gnb,0,0,1530,500.014,0,500,500,30,UL,100,0.0247181,4,1000.89,14.9775,2.01491,0,0,0,0,0,0,0,0
0.5,ue[59],gnb,0,0,1503.85,1470.25,0,500,500,30,UL,100,0.0103795,4,42.4264,18.671,60.7827,0,0,0,0,0,0,0,0
0.5,ue[60],gnb,0,0,1499.2,529.989,0,500,500,30,UL,100,0.00829232,4,970.475,4.23551,6.13586,0,0,0,0,0,0,0,0
0.5,ue[61],gnb,0,0,1519.67,1522.65,0,500,500,30,UL,100,0.0100095,4,42.4264,19.1,53.0428,0,0,0,0,0,0,0,0
0.5,ue[62],gnb,0,0,1499.83,470,0,500,500,30,UL,100,0.00215511,4,1030.44,14.4153,1.52607,0,0,0,0,0,0,0,0
0.5,ue[63],gnb,0,0,1470.61,1506,0,500,500,30,UL,100,0.00631657,4,42.4264,18.7503,51.2231,0,0,0,0,0,0,0,0
0.5,ue[64],gnb,0,0,1470.62,493.947,0,500,500,30,UL,100,0.0147769,4,1006.93,12.8074,0.613784,0,0,0,0,0,0,0,0
0.5,ue[65],gnb,0,0,1529.41,1494.06,0,500,500,30,UL,100,0.0104688,4,42.4264,18.9904,62.9474,0,0,0,0,0,0,0,0
0.5,ue[66],gnb,0,0,229.904,706.019,0,500,500,30,UL,128,5,1,0,15.8869,15.6838,0,0,0,0,0,0,0,0
0.5,ue[67],gnb,0,0,787.26,318.993,0,500,500,30,UL,128,0.05,1,0,15.7118,12.4696,0,0,0,0,0,0,0,0
0.5,ue[68],gnb,0,0,751.099,382.625,0,500,500,30,UL,128,5,1,0,16.7196,29.8457,0,0,0,0,0,0,0,0
0.5,ue[69],gnb,0,0,1136.32,1098.7,0,500,500,30,UL,128,0.05,1,0,14.3513,11.0033,0,0,0,0,0,0,0,0
0.5,ue[70],gnb,0,0,1335.95,43.4036,0,500,500,30,UL,128,0.05,1,0,11.0404,7.62968,0,0,0,0,0,0,0,0
0.5,ue[71],gnb,0,0,1681.66,1540.52,0,500,500,30,UL,128,5,1,0,11.0222,-7.99436,0,0,0,0,0,0,0,0
0.5,ue[72],gnb,0,0,994.463,785.138,0,500,500,30,UL,128,5,1,0,16.3517,18.9534,0,0,0,0,0,0,0,0
0.5,ue[73],gnb,0,0,784.043,446.716,0,500,500,30,UL,128,5,1,0,15.7837,27.7804,0,0,0,0,0,0,0,0
0.5,ue[74],gnb,0,0,287.953,583.193,0,500,500,30,UL,128,5,2,0,13.3423,-11.6623,0,0,0,0,0,0,0,0
0.5,ue[75],gnb,0,0,1609.65,1606.29,0,500,500,30,UL,128,5,2,0,12.4988,10.8954,0,0,0,0,0,0,0,0
0.5,ue[76],gnb,0,0,1426.74,74.3623,0,500,500,30,UL,128,5,2,0,15.3511,14.9761,0,0,0,0,0,0,0,0
0.5,ue[77],gnb,0,0,817.355,1542.64,0,500,500,30,UL,128,5,2,0,13.533,-7.48351,0,0,0,0,0,0,0,0
0.5,ue[78],gnb,0,0,1036.86,1524.59,0,500,500,30,UL,128,5,2,0,10.6036,3.96651,0,0,0,0,0,0,0,0
0.5,ue[79],gnb,0,0,1330.37,163.082,0,500,500,30,UL,128,0.05,2,0,15.3151,23.8453,0,0,0,0,0,0,0,0
0.5,ue[80],gnb,0,0,329.611,1662.07,0,500,500,30,UL,128,5,2,0,5.85399,-5.77771,0,0,0,0,0,0,0,0
0.5,ue[81],gnb,1,0,54.1898,344.54,0,500,500,30,UL,50,1.84653,2,1454.45,8.45821,1.91375,0,0,0,0,0,0,0,0
0.5,ue[82],gnb,1,0,273.115,1191.6,0,500,500,30,UL,50,1.88985,3,384.038,15.9572,36.3437,0,0,0,0,0,0,0,0
0.5,ue[83],gnb,1,0,973.036,5.04823,0,500,500,30,UL,50,1.7403,3,1568.29,13.8061,-11.7496,0,0,0,0,0,0,0,0
0.5,ue[84],gnb,1,0,1066.57,1639.75,0,500,500,30,UL,50,1.49263,3,584.324,13.9966,13.4309,0,0,0,0,0,0,0,0
0.5,ue[85],gnb,1,0,977.217,286.88,0,500,500,30,UL,50,1.11933,3,1303.95,12.2454,-7.10883,0,0,0,0,0,0,0,0
0.5,ue[86],gnb,1,0,1736.96,1701.24,0,500,500,30,UL,50,1.55961,3,1253.58,12.0861,5.39998,0,0,0,0,0,0,0,0
0.5,ue[87],gnb,1,0,1149.95,696.917,0,500,500,30,UL,50,1.6208,3,1033.57,11.4079,6.27518,0,0,0,0,0,0,0,0
0.5,ue[88],gnb,1,0,1065.62,1408.86,0,500,500,30,UL,50,1.65971,3,573.703,13.135,23.0386,0,0,0,0,0,0,0,0
0.5,ue[89],gnb,1,0,1936.28,342.349,0,500,500,30,UL,50,1.68072,3,1844.98,9.47992,-9.46952,0,0,0,0,0,0,0,0
0.5,ue[90],gnb,1,0,1730.92,1410.36,0,500,500,30,UL,50,1.43849,3,1234.55,12.6526,-4.39718,0,0,0,0,0,0,0,0
0.5,ue[91],gnb,1,0,730.957,1231.37,0,500,500,30,UL,50,1.16083,4,815.163,13.5444,5.49564,0,0,0,0,0,0,0,0
0.5,ue[92],gnb,1,0,1177.17,461.681,0,500,500,30,UL,50,1.79269,4,1087.76,8.9978,5.09983,0,0,0,0,0,0,0,0
0.5,ue[93],gnb,1,0,688.494,369.317,0,500,500,30,UL,50,1.67935,4,1392.08,13.6862,5.3499,0,0,0,0,0,0,0,0
0.5,ue[94],gnb,1,0,954.395,585.534,0,500,500,30,UL,50,1.27672,4,1065.29,12.7823,6.13321,0,0,0,0,0,0,0,0
0.5,ue[95],gnb,1,0,491.548,481.423,0,500,500,30,UL,50,1.64195,4,1433.66,11.3732,-1.18465,0,0,0,0,0,0,0,0
0.5,ue[96],gnb,1,0,1162.85,515.679,0,500,500,30,UL,50,1.84473,4,1040.89,12.879,6.28548,0,0,0,0,0,0,0,0
0.5,ue[97],gnb,1,0,947.024,1113.36,0,500,500,30,UL,50,1.95764,4,675.404,14.67,13.411,0,0,0,0,0,0,0,0
0.5,ue[98],gnb,1,0,1812.94,460.311,0,500,500,30,UL,50,1.90491,4,1086.18,13.2019,-14.9116,0,0,0,0,0,0,0,0
0.5,ue[99],gnb,1,0,852.999,1800.55,0,500,500,30,UL,50,1.09234,4,714.034,14.3592,0.00863551,0,0,0,0,0,0,0,0
